{"cameraMode":{"drawMode":0,"name":"Shaded","section":"Shading Mode"},"sceneLighting":false,"audioPlay":false,"sceneViewState":{"showFog":true,"showMaterialUpdate":false,"showSkybox":false,"showFlares":true,"showImageEffects":true,"showParticleSystems":true},"in2DMode":false,"pivot":{"x":-0.0004715919494628906,"y":1.3090567588806153,"z":0.06567516922950745},"rotation":{"x":0.26901379227638247,"y":0.7310841679573059,"z":-0.4444977045059204,"w":0.44238725304603579},"size":5.590466499328613,"orthographic":true}