{"cameraMode":{"drawMode":0,"name":"Shaded","section":"Shading Mode"},"sceneLighting":false,"audioPlay":false,"sceneViewState":{"showFog":true,"showMaterialUpdate":false,"showSkybox":false,"showFlares":true,"showImageEffects":true,"showParticleSystems":true},"in2DMode":false,"pivot":{"x":-2.60770320892334e-8,"y":-2.2351741790771486e-8,"z":-6.728805601596832e-8},"rotation":{"x":-0.17401747405529023,"y":-0.08582465350627899,"z":0.01454409584403038,"w":-0.9810264706611633},"size":0.2411159723997116,"orthographic":true}