{"cameraMode":{"drawMode":0,"name":"Shaded","section":"Shading Mode"},"sceneLighting":false,"audioPlay":false,"sceneViewState":{"showFog":true,"showMaterialUpdate":false,"showSkybox":false,"showFlares":true,"showImageEffects":true,"showParticleSystems":true},"in2DMode":false,"pivot":{"x":-1.6540729999542237,"y":0.5292362570762634,"z":2.26586651802063},"rotation":{"x":-0.2574883699417114,"y":0.4987262487411499,"z":-0.15803802013397218,"w":-0.812461256980896},"size":2.8272807598114015,"orthographic":true}