{"cameraMode":{"drawMode":0,"name":"Shaded","section":"Shading Mode"},"sceneLighting":false,"audioPlay":false,"sceneViewState":{"showFog":true,"showMaterialUpdate":false,"showSkybox":false,"showFlares":true,"showImageEffects":true,"showParticleSystems":true},"in2DMode":false,"pivot":{"x":-0.5267937183380127,"y":0.5724400877952576,"z":1.3750969171524048},"rotation":{"x":-0.11100827902555466,"y":0.38845333456993105,"z":-0.04716227948665619,"w":-0.9135932326316834},"size":4.749130725860596,"orthographic":true}