{"cameraMode":{"drawMode":0,"name":"Shaded","section":"Shading Mode"},"sceneLighting":false,"audioPlay":false,"sceneViewState":{"showFog":true,"showMaterialUpdate":false,"showSkybox":false,"showFlares":true,"showImageEffects":true,"showParticleSystems":true},"in2DMode":false,"pivot":{"x":-0.05490954592823982,"y":0.3670482933521271,"z":-0.19699999690055848},"rotation":{"x":-0.13110917806625367,"y":-0.03063398413360119,"z":0.010421614162623883,"w":-0.9912970066070557},"size":0.5055615901947022,"orthographic":true}