{"cameraMode":{"drawMode":0,"name":"Shaded","section":"Shading Mode"},"sceneLighting":false,"audioPlay":false,"sceneViewState":{"showFog":true,"showMaterialUpdate":false,"showSkybox":false,"showFlares":true,"showImageEffects":true,"showParticleSystems":true},"in2DMode":false,"pivot":{"x":42.06616973876953,"y":0.0038318634033203127,"z":22.402725219726564},"rotation":{"x":-0.13829945027828217,"y":-0.8015108704566956,"z":0.20189744234085084,"w":-0.5458616018295288},"size":6.194430828094482,"orthographic":true}