{"cameraMode":{"drawMode":0,"name":"Shaded","section":"Shading Mode"},"sceneLighting":false,"audioPlay":false,"sceneViewState":{"showFog":true,"showMaterialUpdate":false,"showSkybox":false,"showFlares":true,"showImageEffects":true,"showParticleSystems":true},"in2DMode":false,"pivot":{"x":3.104340076446533,"y":1.739012598991394,"z":-2.8617217540740969},"rotation":{"x":0.009977060370147229,"y":-0.9900400042533875,"z":-0.09593509137630463,"w":-0.10285075753927231},"size":2.463837146759033,"orthographic":false}