{"cameraMode":{"drawMode":0,"name":"Shaded","section":"Shading Mode"},"sceneLighting":false,"audioPlay":false,"sceneViewState":{"showFog":true,"showMaterialUpdate":false,"showSkybox":true,"showFlares":true,"showImageEffects":true,"showParticleSystems":true},"in2DMode":false,"pivot":{"x":0.2640363872051239,"y":0.00809588935226202,"z":1.4355640411376954},"rotation":{"x":-0.0696282908320427,"y":0.5080904364585877,"z":-0.04123366251587868,"w":-0.8575094938278198},"size":3.2329766750335695,"orthographic":false}