{"cameraMode":{"drawMode":0,"name":"Shaded","section":"Shading Mode"},"sceneLighting":false,"audioPlay":false,"sceneViewState":{"showFog":true,"showMaterialUpdate":false,"showSkybox":false,"showFlares":true,"showImageEffects":true,"showParticleSystems":true},"in2DMode":false,"pivot":{"x":0.9991974830627441,"y":0.8541037440299988,"z":1.0},"rotation":{"x":-0.026024237275123597,"y":-0.7746185660362244,"z":0.03179910033941269,"w":-0.6312704086303711},"size":0.549745500087738,"orthographic":true}