{"cameraMode":{"drawMode":0,"name":"Shaded","section":"Shading Mode"},"sceneLighting":false,"audioPlay":false,"sceneViewState":{"showFog":true,"showMaterialUpdate":false,"showSkybox":false,"showFlares":true,"showImageEffects":true,"showParticleSystems":true},"in2DMode":false,"pivot":{"x":0.47188204526901247,"y":0.5292362570762634,"z":0.0},"rotation":{"x":-0.1961832344532013,"y":-0.8022884130477905,"z":0.36901143193244936,"w":-0.4265245497226715},"size":2.8219001293182375,"orthographic":true}