{"cameraMode":{"drawMode":0,"name":"Shaded","section":"Shading Mode"},"sceneLighting":false,"audioPlay":false,"sceneViewState":{"showFog":true,"showMaterialUpdate":false,"showSkybox":false,"showFlares":true,"showImageEffects":true,"showParticleSystems":true},"in2DMode":false,"pivot":{"x":-0.00014460086822509766,"y":0.09454739093780518,"z":0.002922169864177704},"rotation":{"x":0.06275740265846253,"y":0.08310815691947937,"z":0.012553834356367588,"w":-0.9949418306350708},"size":0.46763455867767336,"orthographic":true}