{"cameraMode":{"drawMode":0,"name":"Shaded","section":"Shading Mode"},"sceneLighting":false,"audioPlay":false,"sceneViewState":{"showFog":true,"showMaterialUpdate":false,"showSkybox":false,"showFlares":true,"showImageEffects":true,"showParticleSystems":true},"in2DMode":false,"pivot":{"x":0.9294898509979248,"y":2.0321617126464845,"z":0.9786148071289063},"rotation":{"x":0.05257765203714371,"y":0.9312959909439087,"z":0.1468784362077713,"w":-0.3299645781517029},"size":1.9659501314163209,"orthographic":true}