{"cameraMode":{"drawMode":0,"name":"Shaded","section":"Shading Mode"},"sceneLighting":false,"audioPlay":false,"sceneViewState":{"showFog":true,"showMaterialUpdate":false,"showSkybox":false,"showFlares":true,"showImageEffects":true,"showParticleSystems":true},"in2DMode":false,"pivot":{"x":0.07973790168762207,"y":0.5001068711280823,"z":1.9978749752044678},"rotation":{"x":0.09099535644054413,"y":-0.5670816898345947,"z":0.063174769282341,"w":0.8162123560905457},"size":4.812702655792236,"orthographic":false}